new_reg,after_1m,after_2m,after_3m,after_4m,after_5m
-4.59079122543335,0.8394365310668945,-0.1013181209564209,2.459494709968567,-2.247584342956543,-2.7698655128479004
-8.33189868927002,3.2593436241149902,10.430508375167847,4.304437279701233,11.728689193725586,1.4294819831848145
-2.050201892852783,0.9146304130554199,0.366926908493042,0.42865920066833496,-2.905942916870117,-2.1106719970703125
-4.307533264160156,16.948678493499756,6.3218865394592285,10.662086129188538,4.2517194747924805,-2.2528724670410156
-6.434308052062988,5.615257740020752,0.9366283416748047,4.176337778568268,5.114861488342285,10.00136423110962
