grp,sp,Aud,Reach1+,Reach3+,Reach5+,Reach7+,Reach9+,new_reg,after_1m,after_2m,after_3m,after_4m,after_5m,after_6m,Month_01월,Month_02월,Month_03월,Month_04월,Month_05월,Month_06월,Month_07월,Month_08월,Month_09월,Month_10월,Month_11월,Month_12월,ad_id_남20대,ad_id_남30대,ad_id_남40대,ad_id_남50대,ad_id_남60대,ad_id_여20대,ad_id_여30대,ad_id_여40대,ad_id_여50대,ad_id_여60대,log_0,log_1,log_2,log_3,log_4,log_5,log_6,ZSCORE
11,295,189235,9.0,0.5,0.0,0.0,0.0,1.0,1.0,2.0,2.0,0.0,2.0,0.0,0,0,0,0,0,0,0,0,0,0,1,0,0,0,0,0,0,1,0,0,0,0,0.6931471805599453,0.6931471805599453,1.0986122886681098,1.0986122886681098,0.0,1.0986122886681098,0.0,-0.8173435282750182
6,295,106664,3.4,0.8,0.0,0.0,0.0,4.0,4.0,12.0,4.0,14.0,6.0,0.0,0,0,0,0,0,0,0,0,0,0,1,0,1,0,0,0,0,0,0,0,0,0,1.6094379124341005,1.6094379124341005,2.5649493574615367,1.6094379124341005,2.70805020110221,1.9459101490553128,0.0,-0.8762635411556703
13,613,218092,5.9,1.6,0.9,0.0,0.0,4.0,1.0,2.0,0.0,0.0,2.0,0.0,0,0,0,0,0,0,0,0,0,0,1,0,0,0,0,0,0,1,0,0,0,0,1.6094379124341005,0.6931471805599453,1.0986122886681098,0.0,0.0,1.0986122886681098,0.0,-0.7937755231227573
35,613,899287,17.9,2.6,1.3,0.9,0.7,5.0,18.0,12.0,10.0,10.0,2.0,0.0,0,0,0,0,0,0,0,0,0,0,1,0,0,0,0,0,0,0,0,0,0,1,1.791759469228055,2.9444389791664403,2.5649493574615367,2.3978952727983707,2.3978952727983707,1.0986122886681098,0.0,-0.5345274664478883
7,613,136919,5.9,0.3,0.0,0.0,0.0,6.0,7.0,2.0,4.0,8.0,14.0,0.0,0,0,0,0,0,0,0,0,0,0,1,0,1,0,0,0,0,0,0,0,0,0,1.9459101490553128,2.079441541679836,1.0986122886681098,1.6094379124341005,2.19722457733622,2.70805020110221,0.0,-0.8644795385795399
